{"cameraMode":{"drawMode":0,"name":"Shaded","section":"Shading Mode"},"sceneLighting":true,"audioPlay":false,"sceneViewState":{"m_AlwaysRefresh":false,"showFog":true,"showSkybox":true,"showFlares":true,"showImageEffects":true,"showParticleSystems":true,"showVisualEffectGraphs":true,"m_FxEnabled":true},"in2DMode":false,"pivot":{"x":331.8855895996094,"y":218.062255859375,"z":162.06187438964845},"rotation":{"x":0.040788955986499789,"y":-0.004199515096843243,"z":0.0001722162269288674,"w":0.9991681575775147},"size":219.42628479003907,"orthographic":true}