{"cameraMode":{"drawMode":0,"name":"Shaded","section":"Shading Mode"},"sceneLighting":true,"audioPlay":false,"sceneViewState":{"m_AlwaysRefresh":false,"showFog":true,"showSkybox":true,"showFlares":true,"showImageEffects":true,"showParticleSystems":true,"showVisualEffectGraphs":true,"m_FxEnabled":true},"in2DMode":false,"pivot":{"x":111.64530181884766,"y":75.74324035644531,"z":-42.25535583496094},"rotation":{"x":0.06352049112319946,"y":-0.03412633389234543,"z":0.002172852633520961,"w":0.9974005222320557},"size":94.07069396972656,"orthographic":false}