{"cameraMode":{"drawMode":0,"name":"Shaded","section":"Shading Mode"},"sceneLighting":true,"audioPlay":false,"sceneViewState":{"m_AlwaysRefresh":false,"showFog":true,"showSkybox":true,"showFlares":true,"showImageEffects":true,"showParticleSystems":true,"showVisualEffectGraphs":true,"m_FxEnabled":true},"in2DMode":false,"pivot":{"x":432.76873779296877,"y":258.1299743652344,"z":120.03821563720703},"rotation":{"x":1.4710380691340675e-9,"y":0.03239445760846138,"z":-3.4601077558704675e-9,"w":0.9994755387306213},"size":285.0898132324219,"orthographic":true}